state_name,state_abbrev,state_fips,year,fatalities,vmt,fatalities_per_100m_vmt,first_treat_year,treated,rel_time,cohort,ever_treated_in_study
Alabama,AL,01,2010,862,64165.148637875,1.3434084051839694,0,0,,Never Treated,0
Alabama,AL,01,2011,895,64914.37236772,1.3787393567176458,0,0,,Never Treated,0
Alabama,AL,01,2012,865,64959.172058174,1.3316056418104463,0,0,,Never Treated,0
Alabama,AL,01,2013,853,65046.48392755501,1.3113698827288216,0,0,,Never Treated,0
Alabama,AL,01,2014,820,65666.60432635,1.248732149944533,0,0,,Never Treated,0
Alabama,AL,01,2015,850,67257.00464515,1.2638088842710524,0,0,,Never Treated,0
Alabama,AL,01,2016,1083,69226.970805464,1.5644191669795264,0,0,,Never Treated,0
Alabama,AL,01,2017,948,70677.2481983,1.3413085882180713,0,0,,Never Treated,0
Alabama,AL,01,2018,953,71167.20675385499,1.3390999077652825,0,0,,Never Treated,0
Alabama,AL,01,2019,930,71734.627810505,1.2964450062481656,0,0,,Never Treated,0
Alabama,AL,01,2020,934,67921.49684,1.3751169268253716,0,0,,Never Treated,0
Alabama,AL,01,2021,983,71892.03139,1.3673281739215577,0,0,,Never Treated,0
Alabama,AL,01,2022,988,71630.53915,1.3792999630102605,0,0,,Never Treated,0
Alaska,AK,02,2010,56,4798.261974205,1.1670892565068494,0,0,,Never Treated,0
Alaska,AK,02,2011,72,4593.089396955,1.5675723631186578,0,0,,Never Treated,0
Alaska,AK,02,2012,59,4792.08199869,1.2311976300933225,0,0,,Never Treated,0
Alaska,AK,02,2013,51,4848.454771815001,1.0518815251505036,0,0,,Never Treated,0
Alaska,AK,02,2014,73,4856.704007605,1.5030769815432647,0,0,,Never Treated,0
Alaska,AK,02,2015,65,5045.390230545,1.2883047104362182,0,0,,Never Treated,0
Alaska,AK,02,2016,84,5258.555817806,1.5973967551236699,0,0,,Never Treated,0
Alaska,AK,02,2017,79,5518.716306595,1.4314923183420951,0,0,,Never Treated,0
Alaska,AK,02,2018,80,5487.31999443,1.4579065934045288,0,0,,Never Treated,0
Alaska,AK,02,2019,67,5881.303127635,1.1392033116807254,0,0,,Never Treated,0
Alaska,AK,02,2020,64,5305.88853,1.2062070214656395,0,0,,Never Treated,0
Alaska,AK,02,2021,70,5752.18768,1.2169283043977452,0,0,,Never Treated,0
Alaska,AK,02,2022,82,5478.20942,1.4968394545238104,0,0,,Never Treated,0
Arizona,AZ,04,2010,759,59995.158700285,1.2651020789722396,2021,0,-11.0,g2021,1
Arizona,AZ,04,2011,826,59574.949203245,1.3864888028389766,2021,0,-10.0,g2021,1
Arizona,AZ,04,2012,821,60129.35824562,1.3653895932937286,2021,0,-9.0,g2021,1
Arizona,AZ,04,2013,849,60586.17136206501,1.4013098714001042,2021,0,-8.0,g2021,1
Arizona,AZ,04,2014,773,62630.735980455,1.2342182921836142,2021,0,-7.0,g2021,1
Arizona,AZ,04,2015,897,65044.858066445,1.3790482855442492,2021,0,-6.0,g2021,1
Arizona,AZ,04,2016,952,65785.730038068,1.4471223462126355,2021,0,-5.0,g2021,1
Arizona,AZ,04,2017,998,65069.57893759,1.5337428277462943,2021,0,-4.0,g2021,1
Arizona,AZ,04,2018,1011,66144.51120536,1.528471496087001,2021,0,-3.0,g2021,1
Arizona,AZ,04,2019,979,70280.64646825999,1.3929866175066192,2021,0,-2.0,g2021,1
Arizona,AZ,04,2020,1053,65758.27912,1.6013192773466847,2021,0,-1.0,g2021,1
Arizona,AZ,04,2021,1192,73759.95569,1.616053031552465,2021,1,0.0,g2021,1
Arizona,AZ,04,2022,1320,76159.31156,1.7332089444638357,2021,1,1.0,g2021,1
Arkansas,AR,05,2010,571,33504.425257150004,1.704252484910619,0,0,,Never Treated,0
Arkansas,AR,05,2011,551,32952.94951655,1.6720809763122135,0,0,,Never Treated,0
Arkansas,AR,05,2012,560,33522.13681484,1.6705378988611852,0,0,,Never Treated,0
Arkansas,AR,05,2013,498,33493.2743137,1.4868656773766051,0,0,,Never Treated,0
Arkansas,AR,05,2014,470,34023.96012285,1.3813794699469881,0,0,,Never Treated,0
Arkansas,AR,05,2015,550,34897.334232550005,1.57605161567612,0,0,,Never Treated,0
Arkansas,AR,05,2016,561,35754.7968954,1.56902023983298,0,0,,Never Treated,0
Arkansas,AR,05,2017,525,36389.32515435,1.4427307947403394,0,0,,Never Treated,0
Arkansas,AR,05,2018,520,36675.30904681501,1.4178476296852318,0,0,,Never Treated,0
Arkansas,AR,05,2019,511,37099.019817925,1.3773948813415873,0,0,,Never Treated,0
Arkansas,AR,05,2020,651,33918.76194,1.9192917511304661,0,0,,Never Treated,0
Arkansas,AR,05,2021,692,38426.80579,1.8008262351592146,0,0,,Never Treated,0
Arkansas,AR,05,2022,637,38530.47256,1.653236925677612,0,0,,Never Treated,0
California,CA,06,2010,2720,322849.39821274497,0.8424980858126387,2008,1,2.0,g2008,1
California,CA,06,2011,2816,320783.9054093,0.8778495281447996,2008,1,3.0,g2008,1
California,CA,06,2012,2966,326271.650555488,0.9090584471406845,2008,1,4.0,g2008,1
California,CA,06,2013,3107,329534.13303289004,0.9428461845225294,2008,1,5.0,g2008,1
California,CA,06,2014,3102,332857.19828553003,0.9319311752840799,2008,1,6.0,g2008,1
California,CA,06,2015,3387,335538.556628495,1.0094219972907772,2008,1,7.0,g2008,1
California,CA,06,2016,3837,340114.93676158803,1.128148042110141,2008,1,8.0,g2008,1
California,CA,06,2017,3884,343862.112403255,1.129522520772845,2008,1,9.0,g2008,1
California,CA,06,2018,3798,348795.713456365,1.08888952859082,2008,1,10.0,g2008,1
California,CA,06,2019,3719,340836.251518845,1.0911398020096976,2008,1,11.0,g2008,1
California,CA,06,2020,3980,299811.68306,1.3274999691067744,2008,1,12.0,g2008,1
California,CA,06,2021,4513,310822.72592,1.4519530342068883,2008,1,13.0,g2008,1
California,CA,06,2022,4539,315243.57259,1.439839030724138,2008,1,14.0,g2008,1
Colorado,CO,08,2010,450,46939.927289800005,0.9586721283605066,0,0,,Never Treated,0
Colorado,CO,08,2011,447,46606.2637297,0.959098550770865,0,0,,Never Treated,0
Colorado,CO,08,2012,474,46768.77109428,1.013496803335874,0,0,,Never Treated,0
Colorado,CO,08,2013,482,46968.08474395,1.0262287734908901,0,0,,Never Treated,0
Colorado,CO,08,2014,488,48985.1411849,0.9962204623601847,0,0,,Never Treated,0
Colorado,CO,08,2015,547,50437.33834630001,1.0845140087375902,0,0,,Never Treated,0
Colorado,CO,08,2016,608,52151.6111145,1.165831672323838,0,0,,Never Treated,0
Colorado,CO,08,2017,648,53382.102720300005,1.2138899874275282,0,0,,Never Treated,0
Colorado,CO,08,2018,632,53953.60750375,1.1713767238939,0,0,,Never Treated,0
Colorado,CO,08,2019,597,54633.5545099,1.0927350514816296,0,0,,Never Treated,0
Colorado,CO,08,2020,622,48642.0466,1.2787290903175113,0,0,,Never Treated,0
Colorado,CO,08,2021,691,53839.70625,1.2834393946939484,0,0,,Never Treated,0
Colorado,CO,08,2022,764,53935.28655,1.416512359291433,0,0,,Never Treated,0
Connecticut,CT,09,2010,320,31294.416647,1.0225466210461425,2005,1,5.0,g2005,1
Connecticut,CT,09,2011,221,31197.246858,0.7083958434086255,2005,1,6.0,g2005,1
Connecticut,CT,09,2012,264,31269.363724,0.8442768529932496,2005,1,7.0,g2005,1
Connecticut,CT,09,2013,286,30941.1855975,0.9243343281037957,2005,1,8.0,g2005,1
Connecticut,CT,09,2014,248,31190.3140895,0.7951186361521363,2005,1,9.0,g2005,1
Connecticut,CT,09,2015,270,31591.7936645,0.8546523279664288,2005,1,10.0,g2005,1
Connecticut,CT,09,2016,304,31638.5690036,0.9608525593095227,2005,1,11.0,g2005,1
Connecticut,CT,09,2017,281,31500.061536,0.8920617493996251,2005,1,12.0,g2005,1
Connecticut,CT,09,2018,293,31595.705328,0.9273412223538635,2005,1,13.0,g2005,1
Connecticut,CT,09,2019,249,31600.8483555,0.7879535295977665,2005,1,14.0,g2005,1
Connecticut,CT,09,2020,299,29844.93826,1.001844927254341,2005,1,15.0,g2005,1
Connecticut,CT,09,2021,303,28988.54264,1.0452405412816572,2005,1,16.0,g2005,1
Connecticut,CT,09,2022,366,29666.31434,1.2337225170789448,2005,1,17.0,g2005,1
Delaware,DE,10,2010,101,8947.67132,1.1287853161776622,2011,0,-1.0,g2011,1
Delaware,DE,10,2011,99,9028.1725883,1.0965674285879115,2011,1,0.0,g2011,1
Delaware,DE,10,2012,114,9185.738056,1.241054331236201,2011,1,1.0,g2011,1
Delaware,DE,10,2013,99,9307.81002005,1.0636229122290164,2011,1,2.0,g2011,1
Delaware,DE,10,2014,124,9596.4036128,1.2921507369136151,2011,1,3.0,g2011,1
Delaware,DE,10,2015,131,9930.6103782,1.3191535566391315,2011,1,4.0,g2011,1
Delaware,DE,10,2016,119,10177.58522872,1.1692360940805036,2011,1,5.0,g2011,1
Delaware,DE,10,2017,119,10466.9069998,1.1369165695489014,2011,1,6.0,g2011,1
Delaware,DE,10,2018,111,10179.38380645,1.0904392850347844,2011,1,7.0,g2011,1
Delaware,DE,10,2019,132,10245.15891615,1.2884133968085283,2011,1,8.0,g2011,1
Delaware,DE,10,2020,116,8345.22961,1.3900156786698648,2011,1,9.0,g2011,1
Delaware,DE,10,2021,136,10152.42446,1.3395815013037782,2011,1,10.0,g2011,1
Delaware,DE,10,2022,162,9872.39943,1.6409384683901511,2011,1,11.0,g2011,1
District of Columbia,DC,11,2010,24,3590.81844375,0.6683713024191799,2004,1,6.0,g2004,1
District of Columbia,DC,11,2011,27,3568.11508386,0.7567020503943863,2004,1,7.0,g2004,1
District of Columbia,DC,11,2012,15,3571.830110018,0.4199527843703745,2004,1,8.0,g2004,1
District of Columbia,DC,11,2013,20,3527.26891936,0.5670109214022976,2004,1,9.0,g2004,1
District of Columbia,DC,11,2014,23,3527.588204825,0.6520035407914345,2004,1,10.0,g2004,1
District of Columbia,DC,11,2015,23,3557.192653295,0.6465772939988301,2004,1,11.0,g2004,1
District of Columbia,DC,11,2016,27,3621.95929807,0.745452882763957,2004,1,12.0,g2004,1
District of Columbia,DC,11,2017,31,3715.86458485,0.8342607566053538,2004,1,13.0,g2004,1
District of Columbia,DC,11,2018,31,3690.67797093,0.8399540746761069,2004,1,14.0,g2004,1
District of Columbia,DC,11,2019,23,3756.06975471,0.612342195486617,2004,1,15.0,g2004,1
District of Columbia,DC,11,2020,36,3030.47397,1.1879329885813208,2004,1,16.0,g2004,1
District of Columbia,DC,11,2021,41,3247.77543,1.262402554723434,2004,1,17.0,g2004,1
District of Columbia,DC,11,2022,32,3420.7313,0.9354724821560817,2004,1,18.0,g2004,1
Florida,FL,12,2010,2444,195754.713285145,1.2485012283918606,0,0,,Never Treated,0
Florida,FL,12,2011,2400,191854.95493188,1.2509450177359995,0,0,,Never Treated,0
Florida,FL,12,2012,2431,191373.770471774,1.2702890234158561,0,0,,Never Treated,0
Florida,FL,12,2013,2403,192701.81566934,1.247004337584107,0,0,,Never Treated,0
Florida,FL,12,2014,2494,201040.40387945503,1.2405466522517616,0,0,,Never Treated,0
Florida,FL,12,2015,2938,206982.46420359,1.4194439182587728,0,0,,Never Treated,0
Florida,FL,12,2016,3176,215550.749348162,1.473434914795893,0,0,,Never Treated,0
Florida,FL,12,2017,3116,218825.80341022,1.4239636968948384,0,0,,Never Treated,0
Florida,FL,12,2018,3135,221815.74065529,1.4133352262281098,0,0,,Never Treated,0
Florida,FL,12,2019,3185,226514.41612742495,1.406091521436891,0,0,,Never Treated,0
Florida,FL,12,2020,3329,208075.91888,1.5998968155079376,0,0,,Never Treated,0
Florida,FL,12,2021,3741,217566.37692,1.7194752484091695,0,0,,Never Treated,0
Florida,FL,12,2022,3548,227757.13746,1.5577996982084128,0,0,,Never Treated,0
Georgia,GA,13,2010,1247,111722.46699455,1.116158668480558,2018,0,-8.0,g2018,1
Georgia,GA,13,2011,1226,108453.502733,1.1304383621599299,2018,0,-7.0,g2018,1
Georgia,GA,13,2012,1192,107488.49717798,1.108955870902428,2018,0,-6.0,g2018,1
Georgia,GA,13,2013,1180,109354.5119125,1.0790592718699863,2018,0,-5.0,g2018,1
Georgia,GA,13,2014,1164,111534.8934475,1.043619592058785,2018,0,-4.0,g2018,1
Georgia,GA,13,2015,1432,118106.56107505,1.2124643939891242,2018,0,-3.0,g2018,1
Georgia,GA,13,2016,1556,122802.18588081,1.2670784227816847,2018,0,-2.0,g2018,1
Georgia,GA,13,2017,1540,124733.3943623,1.2346332815468195,2018,0,-1.0,g2018,1
Georgia,GA,13,2018,1505,131455.53277535,1.1448738354527528,2018,1,0.0,g2018,1
Georgia,GA,13,2019,1492,133127.658222525,1.1207287951434541,2018,1,1.0,g2018,1
Georgia,GA,13,2020,1658,115966.82661,1.429719212353637,2018,1,2.0,g2018,1
Georgia,GA,13,2021,1809,120685.22407,1.4989407476682823,2018,1,3.0,g2018,1
Georgia,GA,13,2022,1796,128871.0557,1.3936411013664103,2018,1,4.0,g2018,1
Hawaii,HI,15,2010,113,9994.649304775,1.1306049522519377,2013,0,-3.0,g2013,1
Hawaii,HI,15,2011,100,10066.37931465,0.9934058401163768,2013,0,-2.0,g2013,1
Hawaii,HI,15,2012,125,10049.663456616,1.243822746300113,2013,0,-1.0,g2013,1
Hawaii,HI,15,2013,102,10099.3505932,1.0099659285882963,2013,1,0.0,g2013,1
Hawaii,HI,15,2014,95,10174.34634498,0.933720917087443,2013,1,1.0,g2013,1
Hawaii,HI,15,2015,93,10300.529880795,0.902866173646032,2013,1,2.0,g2013,1
Hawaii,HI,15,2016,120,10635.428443076,1.1283043334105058,2013,1,3.0,g2013,1
Hawaii,HI,15,2017,107,10748.619469215,0.9954766777859937,2013,1,4.0,g2013,1
Hawaii,HI,15,2018,117,10886.767746785,1.0746991459843678,2013,1,5.0,g2013,1
Hawaii,HI,15,2019,108,11024.004901465,0.979680261078691,2013,1,6.0,g2013,1
Hawaii,HI,15,2020,85,8785.36653,0.967517971045882,2013,1,7.0,g2013,1
Hawaii,HI,15,2021,94,9971.96375,0.9426428169677211,2013,1,8.0,g2013,1
Hawaii,HI,15,2022,116,10289.0757,1.127409335709329,2013,1,9.0,g2013,1
Idaho,ID,16,2010,209,15801.206278325,1.322683827542279,2020,0,-10.0,g2020,1
Idaho,ID,16,2011,167,15936.599320655,1.0479023575848818,2020,0,-9.0,g2020,1
Idaho,ID,16,2012,184,16314.571640466,1.1278261179938913,2020,0,-8.0,g2020,1
Idaho,ID,16,2013,214,15980.106372385,1.3391650531801866,2020,0,-7.0,g2020,1
Idaho,ID,16,2014,186,16154.0400162,1.1514147532968273,2020,0,-6.0,g2020,1
Idaho,ID,16,2015,216,16661.9497072,1.296366894605747,2020,0,-5.0,g2020,1
Idaho,ID,16,2016,253,17198.715356790002,1.47104010242321,2020,0,-4.0,g2020,1
Idaho,ID,16,2017,245,17300.371938185002,1.4161545247431435,2020,0,-3.0,g2020,1
Idaho,ID,16,2018,234,17709.145774,1.3213511424337094,2020,0,-2.0,g2020,1
Idaho,ID,16,2019,224,18057.661576,1.2404706947089594,2020,0,-1.0,g2020,1
Idaho,ID,16,2020,214,17406.41762,1.2294316077658258,2020,1,0.0,g2020,1
Idaho,ID,16,2021,273,19308.1701,1.4139092342054727,2020,1,1.0,g2020,1
Idaho,ID,16,2022,215,19157.40386,1.1222815031263844,2020,1,2.0,g2020,1
Illinois,IL,17,2010,927,105787.85244645,0.8762820858559817,2014,0,-4.0,g2014,1
Illinois,IL,17,2011,918,103234.01688405,0.8892417709862785,2014,0,-3.0,g2014,1
Illinois,IL,17,2012,956,104578.40700036,0.9141466459674691,2014,0,-2.0,g2014,1
Illinois,IL,17,2013,991,105297.10410645,0.9411464905987819,2014,0,-1.0,g2014,1
Illinois,IL,17,2014,924,104905.50639585,0.8807926597421706,2014,1,0.0,g2014,1
Illinois,IL,17,2015,998,105223.40601975,0.9484581784139163,2014,1,1.0,g2014,1
Illinois,IL,17,2016,1078,107314.10271404,1.0045278045817965,2014,1,2.0,g2014,1
Illinois,IL,17,2017,1090,108011.2552987,1.0091540895304447,2014,1,3.0,g2014,1
Illinois,IL,17,2018,1035,107954.253923,0.9587394311837211,2014,1,4.0,g2014,1
Illinois,IL,17,2019,1009,107524.64446635,0.938389524566871,2014,1,5.0,g2014,1
Illinois,IL,17,2020,1193,94120.59736,1.2675227670271982,2014,1,6.0,g2014,1
Illinois,IL,17,2021,1334,97529.583,1.3677901196399045,2014,1,7.0,g2014,1
Illinois,IL,17,2022,1268,103752.18689,1.2221429138109225,2014,1,8.0,g2014,1
Indiana,IN,18,2010,754,75760.50984089999,0.9952414543981148,2020,0,-10.0,g2020,1
Indiana,IN,18,2011,751,76485.23088021,0.9818889102606028,2020,0,-9.0,g2020,1
Indiana,IN,18,2012,781,78922.579990608,0.9895773808876256,2020,0,-8.0,g2020,1
Indiana,IN,18,2013,784,78311.29440626,1.0011327305264528,2020,0,-7.0,g2020,1
Indiana,IN,18,2014,745,79203.62950325501,0.9406134601058691,2020,0,-6.0,g2020,1
Indiana,IN,18,2015,817,78818.67261105,1.0365564059061056,2020,0,-5.0,g2020,1
Indiana,IN,18,2016,829,83182.775677446,0.996600550112171,2020,0,-4.0,g2020,1
Indiana,IN,18,2017,916,81751.85676791001,1.1204638478126367,2020,0,-3.0,g2020,1
Indiana,IN,18,2018,860,81528.81180214,1.0548418172548744,2020,0,-2.0,g2020,1
Indiana,IN,18,2019,810,82719.122994095,0.9792173450120146,2020,0,-1.0,g2020,1
Indiana,IN,18,2020,897,76607.74049,1.1708999564046536,2020,1,0.0,g2020,1
Indiana,IN,18,2021,932,78640.39605,1.1851415389711788,2020,1,1.0,g2020,1
Indiana,IN,18,2022,976,95684.40576,1.0200199209556131,2020,1,2.0,g2020,1
Iowa,IA,19,2010,390,31388.61560975,1.2424886935085389,0,0,,Never Treated,0
Iowa,IA,19,2011,360,31274.311137015,1.1511044909120913,0,0,,Never Treated,0
Iowa,IA,19,2012,365,31596.240472812,1.1552007281185115,0,0,,Never Treated,0
Iowa,IA,19,2013,317,31641.001662255003,1.0018646166254395,0,0,,Never Treated,0
Iowa,IA,19,2014,322,31413.67446648,1.0250313134924425,0,0,,Never Treated,0
Iowa,IA,19,2015,320,33160.97573428,0.9649896992301151,0,0,,Never Treated,0
Iowa,IA,19,2016,402,33336.972029712,1.2058683663342682,0,0,,Never Treated,0
Iowa,IA,19,2017,330,33482.087686755,0.9856016240305794,0,0,,Never Treated,0
Iowa,IA,19,2018,319,33282.40003922,0.9584645326782028,0,0,,Never Treated,0
Iowa,IA,19,2019,336,33537.019038245,1.001877953484273,0,0,,Never Treated,0
Iowa,IA,19,2020,343,29751.49675,1.1528831738524215,0,0,,Never Treated,0
Iowa,IA,19,2021,356,33039.27765,1.077505397579417,0,0,,Never Treated,0
Iowa,IA,19,2022,336,32712.07529,1.0271436373916465,0,0,,Never Treated,0
Kansas,KS,20,2010,431,29899.65837928,1.4414880415445692,0,0,,Never Treated,0
Kansas,KS,20,2011,386,30021.247028545957,1.2857560501499776,0,0,,Never Treated,0
Kansas,KS,20,2012,405,30572.475184314,1.3247210033154129,0,0,,Never Treated,0
Kansas,KS,20,2013,350,30208.284196805,1.1586225742573555,0,0,,Never Treated,0
Kansas,KS,20,2014,385,30709.717296305,1.2536748426737334,0,0,,Never Treated,0
Kansas,KS,20,2015,355,31379.124590815,1.1313253783501411,0,0,,Never Treated,0
Kansas,KS,20,2016,429,32102.609713276,1.3363399543887782,0,0,,Never Treated,0
Kansas,KS,20,2017,461,32258.18896193,1.4290944868109499,0,0,,Never Treated,0
Kansas,KS,20,2018,405,32190.41297541,1.258138565383974,0,0,,Never Treated,0
Kansas,KS,20,2019,410,31842.51992827,1.2875865381370124,0,0,,Never Treated,0
Kansas,KS,20,2020,426,27853.80188,1.5294141957184053,0,0,,Never Treated,0
Kansas,KS,20,2021,423,31692.83414,1.334686567100433,0,0,,Never Treated,0
Kansas,KS,20,2022,410,31333.6436,1.308497681386789,0,0,,Never Treated,0
Kentucky,KY,21,2010,760,48006.74290376,1.5831109424015413,0,0,,Never Treated,0
Kentucky,KY,21,2011,720,48061.314484824994,1.498086366795762,0,0,,Never Treated,0
Kentucky,KY,21,2012,746,47343.944522514,1.5757030968242332,0,0,,Never Treated,0
Kentucky,KY,21,2013,638,46995.99686043,1.3575624364235743,0,0,,Never Treated,0
Kentucky,KY,21,2014,672,47940.63478412,1.401733629573456,0,0,,Never Treated,0
Kentucky,KY,21,2015,761,48674.696010275,1.5634406835111132,0,0,,Never Treated,0
Kentucky,KY,21,2016,834,49312.717997148,1.6912472763075732,0,0,,Never Treated,0
Kentucky,KY,21,2017,782,49239.33409581,1.588161201527183,0,0,,Never Treated,0
Kentucky,KY,21,2018,724,49543.60623531,1.4613389194184279,0,0,,Never Treated,0
Kentucky,KY,21,2019,732,49410.331813945,1.4814715326267225,0,0,,Never Treated,0
Kentucky,KY,21,2020,780,46535.80644,1.6761286838462275,0,0,,Never Treated,0
Kentucky,KY,21,2021,806,48111.36861,1.6752797172194183,0,0,,Never Treated,0
Kentucky,KY,21,2022,744,48047.12396,1.5484797812651427,0,0,,Never Treated,0
Louisiana,LA,22,2010,721,45438.69081839,1.5867534627740552,0,0,,Never Treated,0
Louisiana,LA,22,2011,680,46512.711244,1.4619659482604725,0,0,,Never Treated,0
Louisiana,LA,22,2012,723,46889.04025276,1.5419381503707414,0,0,,Never Treated,0
Louisiana,LA,22,2013,703,47757.96707757,1.4720057050547508,0,0,,Never Treated,0
Louisiana,LA,22,2014,740,48251.73611876999,1.5336235740378654,0,0,,Never Treated,0
Louisiana,LA,22,2015,752,48180.25257175,1.5608054334711552,0,0,,Never Treated,0
Louisiana,LA,22,2016,757,49155.61296968,1.5400072428492149,0,0,,Never Treated,0
Louisiana,LA,22,2017,770,49220.89766089,1.5643761828663834,0,0,,Never Treated,0
Louisiana,LA,22,2018,771,50045.42744869,1.540600289188222,0,0,,Never Treated,0
Louisiana,LA,22,2019,727,51360.303241625,1.415490084978319,0,0,,Never Treated,0
Louisiana,LA,22,2020,828,48374.10643,1.711659524291496,0,0,,Never Treated,0
Louisiana,LA,22,2021,971,54727.65668,1.774240044074184,0,0,,Never Treated,0
Louisiana,LA,22,2022,906,56514.03598,1.603141563488101,0,0,,Never Treated,0
Maine,ME,23,2010,161,14549.38310305,1.1065761266967353,2019,0,-9.0,g2019,1
Maine,ME,23,2011,136,14248.2290381,0.9545045888603682,2019,0,-8.0,g2019,1
Maine,ME,23,2012,164,14198.82629542,1.1550250463511913,2019,0,-7.0,g2019,1
Maine,ME,23,2013,144,14129.25004285,1.019162372831459,2019,0,-6.0,g2019,1
Maine,ME,23,2014,131,14301.497322349998,0.9159880049432075,2019,0,-5.0,g2019,1
Maine,ME,23,2015,156,14629.43917125,1.0663429962959456,2019,0,-4.0,g2019,1
Maine,ME,23,2016,160,14838.25752286,1.0782937265612358,2019,0,-3.0,g2019,1
Maine,ME,23,2017,173,14738.11789435,1.1738269515832902,2019,0,-2.0,g2019,1
Maine,ME,23,2018,136,14783.554893215,0.919941116885344,2019,0,-1.0,g2019,1
Maine,ME,23,2019,157,14871.46815921,1.0557128477107949,2019,1,0.0,g2019,1
Maine,ME,23,2020,164,13086.41726,1.2532077859177173,2019,1,1.0,g2019,1
Maine,ME,23,2021,153,14559.82501,1.0508368053525117,2019,1,2.0,g2019,1
Maine,ME,23,2022,182,14651.08972,1.2422284176688532,2019,1,3.0,g2019,1
Maryland,MD,24,2010,496,56125.52195596,0.8837334294889875,2013,0,-3.0,g2013,1
Maryland,MD,24,2011,485,56220.506523175005,0.8626745470535295,2013,0,-2.0,g2013,1
Maryland,MD,24,2012,511,56475.588259896,0.904815719047352,2013,0,-1.0,g2013,1
Maryland,MD,24,2013,465,56687.639739125,0.8202846372505851,2013,1,0.0,g2013,1
Maryland,MD,24,2014,442,56431.74511609,0.783247087416362,2013,1,1.0,g2013,1
Maryland,MD,24,2015,520,57515.82372187,0.9040990224091557,2013,1,2.0,g2013,1
Maryland,MD,24,2016,522,59137.327158162,0.8826912291857864,2013,1,3.0,g2013,1
Maryland,MD,24,2017,558,60044.56431663,0.9293097657558584,2013,1,4.0,g2013,1
Maryland,MD,24,2018,512,59775.43546921,0.8565391384956591,2013,1,5.0,g2013,1
Maryland,MD,24,2019,535,60215.893738735,0.888469749068677,2013,1,6.0,g2013,1
Maryland,MD,24,2020,573,50885.12382,1.1260658459374462,2013,1,7.0,g2013,1
Maryland,MD,24,2021,563,56601.2018,0.9946785264195573,2013,1,8.0,g2013,1
Maryland,MD,24,2022,566,56745.82999,0.9974301197105463,2013,1,9.0,g2013,1
Massachusetts,MA,25,2010,347,54361.98632879,0.638313688358053,2020,0,-10.0,g2020,1
Massachusetts,MA,25,2011,374,54791.71248251,0.6825849805650519,2020,0,-9.0,g2020,1
Massachusetts,MA,25,2012,383,55939.716763462,0.6846656046177251,2020,0,-8.0,g2020,1
Massachusetts,MA,25,2013,351,56311.172815175,0.6233221267687944,2020,0,-7.0,g2020,1
Massachusetts,MA,25,2014,354,57552.34579163,0.6150922175816562,2020,0,-6.0,g2020,1
Massachusetts,MA,25,2015,344,59257.480567475,0.5805174244765534,2020,0,-5.0,g2020,1
Massachusetts,MA,25,2016,387,61824.851347322,0.6259618770870903,2020,0,-4.0,g2020,1
Massachusetts,MA,25,2017,347,62660.41137204,0.5537786816299718,2020,0,-3.0,g2020,1
Massachusetts,MA,25,2018,355,66771.98072728,0.5316601306915599,2020,0,-2.0,g2020,1
Massachusetts,MA,25,2019,336,64889.78223668999,0.5178010904311816,2020,0,-1.0,g2020,1
Massachusetts,MA,25,2020,343,54126.82557,0.6336968709838935,2020,1,0.0,g2020,1
Massachusetts,MA,25,2021,413,59114.98427,0.6986384333854784,2020,1,1.0,g2020,1
Massachusetts,MA,25,2022,435,56948.96408,0.7638418135032738,2020,1,2.0,g2020,1
Michigan,MI,26,2010,942,97567.36027140947,0.965486815856837,0,0,,Never Treated,0
Michigan,MI,26,2011,889,94754.26972551,0.9382162962949425,0,0,,Never Treated,0
Michigan,MI,26,2012,940,94547.98654911,0.9942041436405906,0,0,,Never Treated,0
Michigan,MI,26,2013,947,95131.56498411,0.9954634932771045,0,0,,Never Treated,0
Michigan,MI,26,2014,901,97384.022333965,0.9252031066350346,0,0,,Never Treated,0
Michigan,MI,26,2015,967,97843.196500475,0.9883160348254828,0,0,,Never Treated,0
Michigan,MI,26,2016,1065,99432.538091224,1.071077959433078,0,0,,Never Treated,0
Michigan,MI,26,2017,1031,101757.19869488,1.013196130812783,0,0,,Never Treated,0
Michigan,MI,26,2018,977,102397.55749381,0.9541243208453094,0,0,,Never Treated,0
Michigan,MI,26,2019,986,102173.7175449,0.9650231230616666,0,0,,Never Treated,0
Michigan,MI,26,2020,1086,86546.99492,1.2548095991129995,0,0,,Never Treated,0
Michigan,MI,26,2021,1137,96744.48614,1.1752607775027457,0,0,,Never Treated,0
Michigan,MI,26,2022,1124,95900.79386,1.1720445209670132,0,0,,Never Treated,0
Minnesota,MN,27,2010,411,56631.674461405,0.7257422703969317,2019,0,-9.0,g2019,1
Minnesota,MN,27,2011,368,56684.71798238,0.6492049587587079,2019,0,-8.0,g2019,1
Minnesota,MN,27,2012,395,56988.318031556,0.6931245098008992,2019,0,-7.0,g2019,1
Minnesota,MN,27,2013,387,56974.04513118,0.6792566669769561,2019,0,-6.0,g2019,1
Minnesota,MN,27,2014,361,57394.871669515,0.6289760556982713,2019,0,-5.0,g2019,1
Minnesota,MN,27,2015,411,57394.871669515,0.7160918528863975,2019,0,-4.0,g2019,1
Minnesota,MN,27,2016,392,59028.801692746005,0.6640825982550355,2019,0,-3.0,g2019,1
Minnesota,MN,27,2017,358,59970.853922605,0.5969566490782583,2019,0,-2.0,g2019,1
Minnesota,MN,27,2018,381,60438.314085735,0.6303948178626079,2019,0,-1.0,g2019,1
Minnesota,MN,27,2019,364,60730.98109721,0.5993645968230905,2019,1,0.0,g2019,1
Minnesota,MN,27,2020,394,51619.44114,0.7632783139426293,2019,1,1.0,g2019,1
Minnesota,MN,27,2021,488,57171.10939,0.853577978819767,2019,1,2.0,g2019,1
Minnesota,MN,27,2022,444,57470.62375,0.7725686116291716,2019,1,3.0,g2019,1
Mississippi,MS,28,2010,641,39841.029778549,1.6088941565087858,0,0,,Never Treated,0
Mississippi,MS,28,2011,630,38850.72179831,1.621591493899619,0,0,,Never Treated,0
Mississippi,MS,28,2012,582,38667.129812488,1.5051543851905873,0,0,,Never Treated,0
Mississippi,MS,28,2013,613,38757.69339421,1.5816214700010394,0,0,,Never Treated,0
Mississippi,MS,28,2014,607,39499.19022374,1.536740364958616,0,0,,Never Treated,0
Mississippi,MS,28,2015,677,39890.36247939,1.6971517878529756,0,0,,Never Treated,0
Mississippi,MS,28,2016,687,40754.708862712,1.685694780238172,0,0,,Never Treated,0
Mississippi,MS,28,2017,685,40877.0980214,1.6757549658769524,0,0,,Never Treated,0
Mississippi,MS,28,2018,663,40730.43949037,1.6277752174924474,0,0,,Never Treated,0
Mississippi,MS,28,2019,642,41090.91055124501,1.5623893250049872,0,0,,Never Treated,0
Mississippi,MS,28,2020,748,39665.08749,1.8857893612073313,0,0,,Never Treated,0
Mississippi,MS,28,2021,766,40852.82524,1.8750233196846096,0,0,,Never Treated,0
Mississippi,MS,28,2022,703,39951.71949,1.759623888468586,0,0,,Never Treated,0
Missouri,MO,29,2010,821,70863.996684895,1.1585572905952115,0,0,,Never Treated,0
Missouri,MO,29,2011,786,68789.22334765,1.1426208376095173,0,0,,Never Treated,0
Missouri,MO,29,2012,826,68503.684447572,1.20577456039195,0,0,,Never Treated,0
Missouri,MO,29,2013,757,69458.42184256,1.0898606388090368,0,0,,Never Treated,0
Missouri,MO,29,2014,766,70909.036567265,1.080257238121357,0,0,,Never Treated,0
Missouri,MO,29,2015,870,71917.51858604001,1.2097191575918425,0,0,,Never Treated,0
Missouri,MO,29,2016,947,74018.576463324,1.2794085555931163,0,0,,Never Treated,0
Missouri,MO,29,2017,932,75911.31624014,1.2277484387857074,0,0,,Never Treated,0
Missouri,MO,29,2018,921,76594.999282375,1.2024283682080115,0,0,,Never Treated,0
Missouri,MO,29,2019,881,79168.249875355,1.1128198506182394,0,0,,Never Treated,0
Missouri,MO,29,2020,987,72797.03697,1.355824414126563,0,0,,Never Treated,0
Missouri,MO,29,2021,1016,79790.92725,1.2733277266181915,0,0,,Never Treated,0
Missouri,MO,29,2022,1057,79430.84513,1.3307173029193728,0,0,,Never Treated,0
Montana,MT,30,2010,189,11189.805953015,1.6890373326722035,0,0,,Never Treated,0
Montana,MT,30,2011,209,11659.598071325,1.7925146194704908,0,0,,Never Treated,0
Montana,MT,30,2012,205,11885.123753834,1.7248453128968846,0,0,,Never Treated,0
Montana,MT,30,2013,229,12032.72721226,1.9031429530511974,0,0,,Never Treated,0
Montana,MT,30,2014,192,12157.12896108,1.5793202541049902,0,0,,Never Treated,0
Montana,MT,30,2015,224,12345.07126387,1.8144893230027352,0,0,,Never Treated,0
Montana,MT,30,2016,190,12598.722871646,1.508089366959596,0,0,,Never Treated,0
Montana,MT,30,2017,186,12644.672358209998,1.470975243413349,0,0,,Never Treated,0
Montana,MT,30,2018,181,12699.63599041,1.4252377008024504,0,0,,Never Treated,0
Montana,MT,30,2019,184,12891.947533145,1.4272475087797154,0,0,,Never Treated,0
Montana,MT,30,2020,213,12104.09134,1.7597355639254453,0,0,,Never Treated,0
Montana,MT,30,2021,239,13481.66867,1.772777583028971,0,0,,Never Treated,0
Montana,MT,30,2022,215,13513.78011,1.5909686131484644,0,0,,Never Treated,0
Nebraska,NE,31,2010,190,19437.95165555,0.9774692486476602,0,0,,Never Treated,0
Nebraska,NE,31,2011,181,19093.318573425,0.9479755931581454,0,0,,Never Treated,0
Nebraska,NE,31,2012,212,19276.550844788,1.0997818111081872,0,0,,Never Treated,0
Nebraska,NE,31,2013,211,19321.56140309,1.092044248381789,0,0,,Never Treated,0
Nebraska,NE,31,2014,225,19612.58156643,1.1472227622758377,0,0,,Never Treated,0
Nebraska,NE,31,2015,246,20100.95861385,1.2238222302019994,0,0,,Never Treated,0
Nebraska,NE,31,2016,218,20699.915995130003,1.0531443704954557,0,0,,Never Treated,0
Nebraska,NE,31,2017,228,21002.014792975,1.085610129539877,0,0,,Never Treated,0
Nebraska,NE,31,2018,230,20974.73509338,1.0965573532921142,0,0,,Never Treated,0
Nebraska,NE,31,2019,248,21241.79215795,1.1675097758038415,0,0,,Never Treated,0
Nebraska,NE,31,2020,233,19431.8647,1.199061457030421,0,0,,Never Treated,0
Nebraska,NE,31,2021,221,21209.66628,1.0419777335600775,0,0,,Never Treated,0
Nebraska,NE,31,2022,244,21270.32889,1.1471378804806058,0,0,,Never Treated,0
Nevada,NV,32,2010,257,22201.41949295,1.1575836404587088,2012,0,-2.0,g2012,1
Nevada,NV,32,2011,246,24189.31581015,1.0169779167411455,2012,0,-1.0,g2012,1
Nevada,NV,32,2012,261,24148.28844473,1.0808219414695592,2012,1,0.0,g2012,1
Nevada,NV,32,2013,266,24649.416671475,1.0791330421535805,2012,1,1.0,g2012,1
Nevada,NV,32,2014,291,25301.9012633,1.1501111990429385,2012,1,2.0,g2012,1
Nevada,NV,32,2015,326,25925.44210425,1.2574520376127292,2012,1,3.0,g2012,1
Nevada,NV,32,2016,329,26787.98835966,1.2281623972012796,2012,1,4.0,g2012,1
Nevada,NV,32,2017,311,27587.0097148,1.1273421919054654,2012,1,5.0,g2012,1
Nevada,NV,32,2018,329,28319.012170865,1.1617636872887813,2012,1,6.0,g2012,1
Nevada,NV,32,2019,304,28793.73743317,1.0557851362838226,2012,1,7.0,g2012,1
Nevada,NV,32,2020,333,25231.34637,1.3197868838102753,2012,1,8.0,g2012,1
Nevada,NV,32,2021,385,27076.608,1.4218915456470766,2012,1,9.0,g2012,1
Nevada,NV,32,2022,417,27647.35686,1.508281613000455,2012,1,10.0,g2012,1
New Hampshire,NH,33,2010,128,13065.220251605,0.9797002846873232,2015,0,-5.0,g2015,1
New Hampshire,NH,33,2011,90,12719.5297601,0.7075733277681518,2015,0,-4.0,g2015,1
New Hampshire,NH,33,2012,108,12893.651744684,0.8376215066032627,2015,0,-3.0,g2015,1
New Hampshire,NH,33,2013,135,12902.814757935,1.0462833306738546,2015,0,-2.0,g2015,1
New Hampshire,NH,33,2014,95,12970.40851992,0.7324364522065644,2015,0,-1.0,g2015,1
New Hampshire,NH,33,2015,114,13093.741758215,0.8706449394305223,2015,1,0.0,g2015,1
New Hampshire,NH,33,2016,136,13512.596543442,1.0064682946965082,2015,1,1.0,g2015,1
New Hampshire,NH,33,2017,102,13681.37662641,0.7455390110605036,2015,1,2.0,g2015,1
New Hampshire,NH,33,2018,147,13776.47305627,1.0670365295934492,2015,1,3.0,g2015,1
New Hampshire,NH,33,2019,101,13828.12148337,0.7303956659728857,2015,1,4.0,g2015,1
New Hampshire,NH,33,2020,104,11956.25578,0.8698375303576853,2015,1,5.0,g2015,1
New Hampshire,NH,33,2021,118,13129.80771,0.8987184169508298,2015,1,6.0,g2015,1
New Hampshire,NH,33,2022,146,13280.56342,1.099350949072912,2015,1,7.0,g2015,1
New Jersey,NJ,34,2010,556,73027.659189,0.7613553633987341,2008,1,2.0,g2008,1
New Jersey,NJ,34,2011,627,73093.77110245,0.8578022320413344,2008,1,3.0,g2008,1
New Jersey,NJ,34,2012,589,74225.37569804,0.7935291596180537,2008,1,4.0,g2008,1
New Jersey,NJ,34,2013,542,74529.791942,0.7272259667943137,2008,1,5.0,g2008,1
New Jersey,NJ,34,2014,556,74856.3851601,0.7427556097063039,2008,1,6.0,g2008,1
New Jersey,NJ,34,2015,561,75393.41931205,0.7440967727939836,2008,1,7.0,g2008,1
New Jersey,NJ,34,2016,602,77092.63215634,0.7808787729275791,2008,1,8.0,g2008,1
New Jersey,NJ,34,2017,624,77508.6023092,0.8050719293204612,2008,1,9.0,g2008,1
New Jersey,NJ,34,2018,563,77538.91117189999,0.7260870593757196,2008,1,10.0,g2008,1
New Jersey,NJ,34,2019,558,78205.29719884,0.7135066549024978,2008,1,11.0,g2008,1
New Jersey,NJ,34,2020,586,66341.14996,0.8833129970664139,2008,1,12.0,g2008,1
New Jersey,NJ,34,2021,692,73672.75741,0.9392888556470279,2008,1,13.0,g2008,1
New Jersey,NJ,34,2022,689,75287.57049,0.915157702016053,2008,1,14.0,g2008,1
New Mexico,NM,35,2010,349,25273.67897431,1.3808832515232503,0,0,,Never Treated,0
New Mexico,NM,35,2011,350,25650.165248005,1.3645136263877367,0,0,,Never Treated,0
New Mexico,NM,35,2012,366,25561.649594292,1.431832474856118,0,0,,Never Treated,0
New Mexico,NM,35,2013,311,25086.110774475,1.2397298361467854,0,0,,Never Treated,0
New Mexico,NM,35,2014,386,25347.19785685,1.5228507789301242,0,0,,Never Treated,0
New Mexico,NM,35,2015,298,27435.418381745,1.0861871900531448,0,0,,Never Treated,0
New Mexico,NM,35,2016,405,27885.52083939,1.4523666326071012,0,0,,Never Treated,0
New Mexico,NM,35,2017,380,27835.85014,1.365146018852651,0,0,,Never Treated,0
New Mexico,NM,35,2018,392,27288.30697211,1.4365127173358294,0,0,,Never Treated,0
New Mexico,NM,35,2019,425,27772.075050395,1.5303141707229229,0,0,,Never Treated,0
New Mexico,NM,35,2020,398,23756.43559,1.675335504319232,0,0,,Never Treated,0
New Mexico,NM,35,2021,483,26823.40327,1.8006663626468304,0,0,,Never Treated,0
New Mexico,NM,35,2022,466,26831.4483,1.7367679701434529,0,0,,Never Treated,0
New York,NY,36,2010,1201,131252.0614996,0.9150332469282092,2001,1,9.0,g2001,1
New York,NY,36,2011,1171,122517.48226035,0.9557819654762587,2001,1,10.0,g2001,1
New York,NY,36,2012,1180,122902.58312274,0.9601100074695428,2001,1,11.0,g2001,1
New York,NY,36,2013,1202,124354.6757378,0.9665901124091218,2001,1,12.0,g2001,1
New York,NY,36,2014,1041,123984.38171685,0.8396218826798599,2001,1,13.0,g2001,1
New York,NY,36,2015,1136,121698.6394057,0.9334533282767277,2001,1,14.0,g2001,1
New York,NY,36,2016,1041,122336.68340954,0.8509303758996798,2001,1,15.0,g2001,1
New York,NY,36,2017,1006,123476.60463155,0.8147292379814539,2001,1,16.0,g2001,1
New York,NY,36,2018,964,123510.39863335,0.7805010838493909,2001,1,17.0,g2001,1
New York,NY,36,2019,934,123986.15432095,0.7533099200595026,2001,1,18.0,g2001,1
New York,NY,36,2020,1045,102476.87454,1.0197422635017066,2001,1,19.0,g2001,1
New York,NY,36,2021,1156,106869.75899,1.08169047158436,2001,1,20.0,g2001,1
New York,NY,36,2022,1182,115382.31468,1.0244204263696264,2001,1,21.0,g2001,1
North Carolina,NC,37,2010,1320,102384.96763214,1.2892517627613476,0,0,,Never Treated,0
North Carolina,NC,37,2011,1230,103772.359310355,1.1852867258432502,0,0,,Never Treated,0
North Carolina,NC,37,2012,1299,104949.941222872,1.2377329466449531,0,0,,Never Treated,0
North Carolina,NC,37,2013,1290,105212.55779208,1.2260893823618328,0,0,,Never Treated,0
North Carolina,NC,37,2014,1284,108012.13123789,1.1887553604252747,0,0,,Never Treated,0
North Carolina,NC,37,2015,1379,111878.56878346,1.232586379138477,0,0,,Never Treated,0
North Carolina,NC,37,2016,1450,116748.680917974,1.2419840537802305,0,0,,Never Treated,0
North Carolina,NC,37,2017,1412,119176.368633175,1.1847986443907663,0,0,,Never Treated,0
North Carolina,NC,37,2018,1436,121127.248623565,1.1855301068240642,0,0,,Never Treated,0
North Carolina,NC,37,2019,1457,122474.65401815,1.1896338974626386,0,0,,Never Treated,0
North Carolina,NC,37,2020,1538,106342.36536,1.4462721369732754,0,0,,Never Treated,0
North Carolina,NC,37,2021,1693,117734.43392,1.4379820275437734,0,0,,Never Treated,0
North Carolina,NC,37,2022,1631,119381.03822,1.3662136167674552,0,0,,Never Treated,0
North Dakota,ND,38,2010,105,8262.258785600001,1.2708389161448295,0,0,,Never Treated,0
North Dakota,ND,38,2011,148,9130.650272635,1.6209141252903219,0,0,,Never Treated,0
North Dakota,ND,38,2012,170,10081.491574968,1.6862584145991275,0,0,,Never Treated,0
North Dakota,ND,38,2013,148,10099.64870549,1.4653975035740567,0,0,,Never Treated,0
North Dakota,ND,38,2014,135,10511.26906633,1.2843358794080906,0,0,,Never Treated,0
North Dakota,ND,38,2015,131,10036.2168402,1.3052727146675465,0,0,,Never Treated,0
North Dakota,ND,38,2016,113,9739.208759072,1.1602585260814062,0,0,,Never Treated,0
North Dakota,ND,38,2017,116,9716.836373595,1.193804192434731,0,0,,Never Treated,0
North Dakota,ND,38,2018,105,9855.663668585,1.065377264594451,0,0,,Never Treated,0
North Dakota,ND,38,2019,100,9826.068270985,1.0177010503304353,0,0,,Never Treated,0
North Dakota,ND,38,2020,100,8767.60077,1.1405628817198072,0,0,,Never Treated,0
North Dakota,ND,38,2021,101,9255.66641,1.0912234249375892,0,0,,Never Treated,0
North Dakota,ND,38,2022,98,9179.77305,1.0675645189289293,0,0,,Never Treated,0
Ohio,OH,39,2010,1080,111835.73156220998,0.9657020926261272,0,0,,Never Treated,0
Ohio,OH,39,2011,1017,111989.948249125,0.9081172157858785,0,0,,Never Treated,0
Ohio,OH,39,2012,1121,112715.11312519,0.9945427626505879,0,0,,Never Treated,0
Ohio,OH,39,2013,989,112766.728788755,0.8770317367746703,0,0,,Never Treated,0
Ohio,OH,39,2014,1006,112766.28184589,0.8921106411709413,0,0,,Never Treated,0
Ohio,OH,39,2015,1110,113672.505196645,0.9764894317053913,0,0,,Never Treated,0
Ohio,OH,39,2016,1132,118607.62234272,0.95440746356845,0,0,,Never Treated,0
Ohio,OH,39,2017,1179,119597.96667566,0.9858027128482482,0,0,,Never Treated,0
Ohio,OH,39,2018,1068,114474.440635965,0.9329593523818113,0,0,,Never Treated,0
Ohio,OH,39,2019,1153,114693.588622295,1.00528722995757,0,0,,Never Treated,0
Ohio,OH,39,2020,1230,103114.93613,1.1928436811998828,0,0,,Never Treated,0
Ohio,OH,39,2021,1354,112923.01605,1.1990469678922466,0,0,,Never Treated,0
Ohio,OH,39,2022,1274,110577.51033,1.152133011674762,0,0,,Never Treated,0
Oklahoma,OK,40,2010,668,47745.9173333,1.399072501501838,0,0,,Never Treated,0
Oklahoma,OK,40,2011,696,47463.577423300005,1.46638757081621,0,0,,Never Treated,0
Oklahoma,OK,40,2012,709,47871.81167624,1.481038580271435,0,0,,Never Treated,0
Oklahoma,OK,40,2013,678,47998.60776405,1.41254097063167,0,0,,Never Treated,0
Oklahoma,OK,40,2014,669,47698.7822338,1.4025515299758275,0,0,,Never Treated,0
Oklahoma,OK,40,2015,645,47713.00020885,1.3518328279016143,0,0,,Never Treated,0
Oklahoma,OK,40,2016,687,49013.277923400005,1.40166099699284,0,0,,Never Treated,0
Oklahoma,OK,40,2017,657,49402.260404,1.3298986617762212,0,0,,Never Treated,0
Oklahoma,OK,40,2018,655,45433.01281915,1.4416829511335374,0,0,,Never Treated,0
Oklahoma,OK,40,2019,640,44648.2366062,1.4334272720439927,0,0,,Never Treated,0
Oklahoma,OK,40,2020,653,42000.17853,1.5547552959413575,0,0,,Never Treated,0
Oklahoma,OK,40,2021,762,44759.76071,1.7024219698961836,0,0,,Never Treated,0
Oklahoma,OK,40,2022,710,44565.77351,1.5931508511586474,0,0,,Never Treated,0
Oregon,OR,41,2010,317,33774.1055619,0.9385888825953169,2017,0,-7.0,g2017,1
Oregon,OR,41,2011,331,33373.3976411,0.9918079170709517,2017,0,-6.0,g2017,1
Oregon,OR,41,2012,337,33172.93741996,1.0158883300977402,2017,0,-5.0,g2017,1
Oregon,OR,41,2013,313,33705.84606875,0.9286222911051459,2017,0,-4.0,g2017,1
Oregon,OR,41,2014,357,34610.07129515,1.0314916630929545,2017,0,-3.0,g2017,1
Oregon,OR,41,2015,446,35998.504537,1.2389403552627916,2017,0,-2.0,g2017,1
Oregon,OR,41,2016,498,36719.1886566,1.3562391169841062,2017,0,-1.0,g2017,1
Oregon,OR,41,2017,439,36752.8832912,1.1944641091740218,2017,1,0.0,g2017,1
Oregon,OR,41,2018,502,36848.41693215,1.36233803727402,2017,1,1.0,g2017,1
Oregon,OR,41,2019,493,35808.465323300006,1.3767694190435262,2017,1,2.0,g2017,1
Oregon,OR,41,2020,507,32297.97845,1.5697576886580653,2017,1,3.0,g2017,1
Oregon,OR,41,2021,599,36841.9756,1.625862864965363,2017,1,4.0,g2017,1
Oregon,OR,41,2022,602,36576.15998,1.6458808150696418,2017,1,5.0,g2017,1
Pennsylvania,PA,42,2010,1324,100328.712345785,1.3196621077292474,0,0,,Never Treated,0
Pennsylvania,PA,42,2011,1286,99204.178771555,1.2963163607869481,0,0,,Never Treated,0
Pennsylvania,PA,42,2012,1310,98884.385780138,1.3247794276769707,0,0,,Never Treated,0
Pennsylvania,PA,42,2013,1210,98627.976109605,1.2268324340908408,0,0,,Never Treated,0
Pennsylvania,PA,42,2014,1195,99881.537564165,1.1964173050823521,0,0,,Never Treated,0
Pennsylvania,PA,42,2015,1200,100945.060178565,1.1887654511050674,0,0,,Never Treated,0
Pennsylvania,PA,42,2016,1188,101362.492867728,1.1720311590503887,0,0,,Never Treated,0
Pennsylvania,PA,42,2017,1137,101614.05385117,1.118939710510239,0,0,,Never Treated,0
Pennsylvania,PA,42,2018,1190,102109.44677226,1.165416166296659,0,0,,Never Treated,0
Pennsylvania,PA,42,2019,1059,102863.50977102,1.0295196055018867,0,0,,Never Treated,0
Pennsylvania,PA,42,2020,1129,87982.49094,1.2832098613460783,0,0,,Never Treated,0
Pennsylvania,PA,42,2021,1230,102686.04059,1.1978259098635289,0,0,,Never Treated,0
Pennsylvania,PA,42,2022,1179,99912.31056,1.1800347658780037,0,0,,Never Treated,0
Rhode Island,RI,44,2010,67,8280.22043852,0.8091572017613522,2018,0,-8.0,g2018,1
Rhode Island,RI,44,2011,66,7901.42839011,0.8352920097663655,2018,0,-7.0,g2018,1
Rhode Island,RI,44,2012,64,7806.87287748,0.819790471862515,2018,0,-6.0,g2018,1
Rhode Island,RI,44,2013,65,7775.12482233,0.8359994403346597,2018,0,-5.0,g2018,1
Rhode Island,RI,44,2014,51,7676.978032864999,0.6643239016924363,2018,0,-4.0,g2018,1
Rhode Island,RI,44,2015,45,7832.56141629,0.5745247002648448,2018,0,-3.0,g2018,1
Rhode Island,RI,44,2016,51,7927.07050662,0.6433650357645897,2018,0,-2.0,g2018,1
Rhode Island,RI,44,2017,84,8000.980443734999,1.0498713325286833,2018,0,-1.0,g2018,1
Rhode Island,RI,44,2018,59,8008.5822069,0.7367096756423007,2018,1,0.0,g2018,1
Rhode Island,RI,44,2019,57,7580.832257825,0.7518963361992889,2018,1,1.0,g2018,1
Rhode Island,RI,44,2020,67,6864.09326,0.9760939640846313,2018,1,2.0,g2018,1
Rhode Island,RI,44,2021,63,7526.31209,0.8370633485117676,2018,1,3.0,g2018,1
Rhode Island,RI,44,2022,52,7530.61976,0.6905142160570328,2018,1,4.0,g2018,1
South Carolina,SC,45,2010,809,49124.33519707,1.6468416249391857,0,0,,Never Treated,0
South Carolina,SC,45,2011,828,48730.17946792,1.6991523713658556,0,0,,Never Treated,0
South Carolina,SC,45,2012,863,49036.190298928,1.7599246489971845,0,0,,Never Treated,0
South Carolina,SC,45,2013,767,48986.259575195,1.5657451837543095,0,0,,Never Treated,0
South Carolina,SC,45,2014,823,49931.269114545,1.6482657352690036,0,0,,Never Treated,0
South Carolina,SC,45,2015,979,51726.04848399,1.8926634233485191,0,0,,Never Treated,0
South Carolina,SC,45,2016,1020,54552.642226300006,1.8697536148088802,0,0,,Never Treated,0
South Carolina,SC,45,2017,989,55497.235730845,1.7820707409582208,0,0,,Never Treated,0
South Carolina,SC,45,2018,1036,56800.682751565,1.8239217379327286,0,0,,Never Treated,0
South Carolina,SC,45,2019,1006,57939.397375875,1.7362969681470688,0,0,,Never Treated,0
South Carolina,SC,45,2020,1066,53972.05203,1.975096295037052,0,0,,Never Treated,0
South Carolina,SC,45,2021,1198,57491.95488,2.0837698117945784,0,0,,Never Treated,0
South Carolina,SC,45,2022,1094,58988.37958,1.8546025637410803,0,0,,Never Treated,0
South Dakota,SD,46,2010,140,8865.980484579999,1.579069570968406,0,0,,Never Treated,0
South Dakota,SD,46,2011,111,9002.048071365,1.2330527355556418,0,0,,Never Treated,0
South Dakota,SD,46,2012,133,9113.47145167,1.4593780285077689,0,0,,Never Treated,0
South Dakota,SD,46,2013,135,9121.7973586,1.4799714868991518,0,0,,Never Treated,0
South Dakota,SD,46,2014,136,9225.04061525,1.474248251819912,0,0,,Never Treated,0
South Dakota,SD,46,2015,134,9324.353331915,1.4370969785255832,0,0,,Never Treated,0
South Dakota,SD,46,2016,116,9506.534322752,1.2202133402324868,0,0,,Never Treated,0
South Dakota,SD,46,2017,129,9642.559370870002,1.337819089708762,0,0,,Never Treated,0
South Dakota,SD,46,2018,130,9719.406132625,1.3375302793823045,0,0,,Never Treated,0
South Dakota,SD,46,2019,102,9922.399543805,1.0279771495765173,0,0,,Never Treated,0
South Dakota,SD,46,2020,141,9742.50788,1.4472659579722096,0,0,,Never Treated,0
South Dakota,SD,46,2021,148,9993.91074,1.480901759584857,0,0,,Never Treated,0
South Dakota,SD,46,2022,137,10169.52888,1.347161718272243,0,0,,Never Treated,0
Tennessee,TN,47,2010,1032,70438.8243314,1.4651011140456505,2019,0,-9.0,g2019,1
Tennessee,TN,47,2011,937,70751.1038701,1.3243609622266033,2019,0,-8.0,g2019,1
Tennessee,TN,47,2012,1015,71166.87119316,1.4262254093552926,2019,0,-7.0,g2019,1
Tennessee,TN,47,2013,995,71067.0436142,1.400086382376525,2019,0,-6.0,g2019,1
Tennessee,TN,47,2014,963,72335.75426495,1.3312918483890308,2019,0,-5.0,g2019,1
Tennessee,TN,47,2015,962,76670.31840525,1.2547228445240513,2019,0,-4.0,g2019,1
Tennessee,TN,47,2016,1037,76883.74737666,1.3487896146888483,2019,0,-3.0,g2019,1
Tennessee,TN,47,2017,1024,82253.2639688,1.2449353990237029,2019,0,-2.0,g2019,1
Tennessee,TN,47,2018,1040,81321.49096775,1.2788747324030707,2019,0,-1.0,g2019,1
Tennessee,TN,47,2019,1136,82891.7708596,1.370461733679364,2019,1,0.0,g2019,1
Tennessee,TN,47,2020,1217,76392.47494,1.593088849334772,2019,1,1.0,g2019,1
Tennessee,TN,47,2021,1327,82595.5925,1.60662325898322,2019,1,2.0,g2019,1
Tennessee,TN,47,2022,1313,83218.63925,1.5777715327158515,2019,1,3.0,g2019,1
Texas,TX,48,2010,3023,234015.90603754,1.2917925329037512,0,0,,Never Treated,0
Texas,TX,48,2011,3054,237439.891087575,1.286220266532043,0,0,,Never Treated,0
Texas,TX,48,2012,3408,237835.822756362,1.4329212313366018,0,0,,Never Treated,0
Texas,TX,48,2013,3389,244524.88287175,1.3859530204856432,0,0,,Never Treated,0
Texas,TX,48,2014,3536,243075.845833995,1.454689991047016,0,0,,Never Treated,0
Texas,TX,48,2015,3582,258122.30917185,1.3877142241181535,0,0,,Never Treated,0
Texas,TX,48,2016,3797,271262.83826353203,1.3997494180574828,0,0,,Never Treated,0
Texas,TX,48,2017,3732,272980.90704547503,1.3671285806733355,0,0,,Never Treated,0
Texas,TX,48,2018,3648,282037.26510131,1.2934460978727793,0,0,,Never Treated,0
Texas,TX,48,2019,3619,288227.23554449,1.255606533214444,0,0,,Never Treated,0
Texas,TX,48,2020,3876,260581.95544,1.4874399086672232,0,0,,Never Treated,0
Texas,TX,48,2021,4500,285027.66129,1.5787941351493942,0,0,,Never Treated,0
Texas,TX,48,2022,4408,290890.07782,1.5153490394153728,0,0,,Never Treated,0
Utah,UT,49,2010,253,26585.22215128,0.9516565201536931,0,0,,Never Treated,0
Utah,UT,49,2011,243,26221.626339495004,0.9267159742643174,0,0,,Never Treated,0
Utah,UT,49,2012,217,26527.834363206,0.8180087263398257,0,0,,Never Treated,0
Utah,UT,49,2013,220,27005.476071375,0.8146495896556085,0,0,,Never Treated,0
Utah,UT,49,2014,256,27554.41929988,0.9290705683683739,0,0,,Never Treated,0
Utah,UT,49,2015,278,29603.663493735,0.9390729632460283,0,0,,Never Treated,0
Utah,UT,49,2016,281,31448.897057526003,0.8935130522574373,0,0,,Never Treated,0
Utah,UT,49,2017,273,31475.02571099,0.8673543351695429,0,0,,Never Treated,0
Utah,UT,49,2018,260,32069.287913495,0.8107445375816718,0,0,,Never Treated,0
Utah,UT,49,2019,248,32910.67512446,0.7535548847361094,0,0,,Never Treated,0
Utah,UT,49,2020,276,30251.18346,0.9123610002396911,0,0,,Never Treated,0
Utah,UT,49,2021,332,33637.94702,0.9869805663306499,0,0,,Never Treated,0
Utah,UT,49,2022,319,34336.15108,0.9290499661909106,0,0,,Never Treated,0
Vermont,VT,50,2010,71,7247.55584005,0.9796406066670633,2014,0,-4.0,g2014,1
Vermont,VT,50,2011,55,7141.03907995,0.7701960370784736,2014,0,-3.0,g2014,1
Vermont,VT,50,2012,77,7215.657792,1.0671237774797178,2014,0,-2.0,g2014,1
Vermont,VT,50,2013,69,7115.877038449999,0.9696626238363133,2014,0,-1.0,g2014,1
Vermont,VT,50,2014,44,7059.200793800001,0.6233000205723656,2014,1,0.0,g2014,1
Vermont,VT,50,2015,57,7313.8418516,0.7793441689955395,2014,1,1.0,g2014,1
Vermont,VT,50,2016,62,7381.8900916,0.8398932960347246,2014,1,2.0,g2014,1
Vermont,VT,50,2017,69,7424.419886,0.929365540466147,2014,1,3.0,g2014,1
Vermont,VT,50,2018,68,7346.35017762,0.9256297121141315,2014,1,4.0,g2014,1
Vermont,VT,50,2019,47,7345.62692238,0.639836470006455,2014,1,5.0,g2014,1
Vermont,VT,50,2020,62,6006.97509,1.0321334627009415,2014,1,6.0,g2014,1
Vermont,VT,50,2021,74,6625.055,1.116971859101547,2014,1,7.0,g2014,1
Vermont,VT,50,2022,76,7127.7627,1.066253229782748,2014,1,8.0,g2014,1
Virginia,VA,51,2010,740,82170.61427630001,0.9005652525752553,2021,0,-11.0,g2021,1
Virginia,VA,51,2011,764,80973.99206363501,0.9435128249569263,2021,0,-10.0,g2021,1
Virginia,VA,51,2012,776,80958.667790956,0.9585137962048926,2021,0,-9.0,g2021,1
Virginia,VA,51,2013,740,80767.00570028,0.9162157165341522,2021,0,-8.0,g2021,1
Virginia,VA,51,2014,703,80984.63614425,0.8680658869020722,2021,0,-7.0,g2021,1
Virginia,VA,51,2015,754,82624.52763879,0.9125619492752383,2021,0,-6.0,g2021,1
Virginia,VA,51,2016,760,84462.671606042,0.8998057787526031,2021,0,-5.0,g2021,1
Virginia,VA,51,2017,839,85262.94494611,0.9840148033008778,2021,0,-4.0,g2021,1
Virginia,VA,51,2018,820,85336.102057075,0.960906322451385,2021,0,-3.0,g2021,1
Virginia,VA,51,2019,831,85432.48415308,0.9726979242591073,2021,0,-2.0,g2021,1
Virginia,VA,51,2020,850,76110.26922,1.1168006744832797,2021,0,-1.0,g2021,1
Virginia,VA,51,2021,973,80102.4661,1.214694187798545,2021,1,0.0,g2021,1
Virginia,VA,51,2022,1006,82083.23305,1.2255852536744105,2021,1,1.0,g2021,1
Washington,WA,53,2010,460,57190.44282353,0.8043301945036543,2017,0,-7.0,g2017,1
Washington,WA,53,2011,454,56954.572844,0.7971265121125872,2017,0,-6.0,g2017,1
Washington,WA,53,2012,438,56762.006211756,0.771642916154161,2017,0,-5.0,g2017,1
Washington,WA,53,2013,436,57211.21141681305,0.7620883900246687,2017,0,-4.0,g2017,1
Washington,WA,53,2014,462,58059.800008365,0.7957312976163148,2017,0,-3.0,g2017,1
Washington,WA,53,2015,551,59652.504240345,0.9236829317005272,2017,0,-2.0,g2017,1
Washington,WA,53,2016,536,61017.810943994,0.8784320376422133,2017,0,-1.0,g2017,1
Washington,WA,53,2017,563,61419.92486448,0.9166406524303495,2017,1,0.0,g2017,1
Washington,WA,53,2018,539,62366.656131095,0.864243865932173,2017,1,1.0,g2017,1
Washington,WA,53,2019,538,62529.63831721,0.8603919908679953,2017,1,2.0,g2017,1
Washington,WA,53,2020,574,53658.24131,1.0697331593181134,2017,1,3.0,g2017,1
Washington,WA,53,2021,674,57796.59614,1.1661586408434468,2017,1,4.0,g2017,1
Washington,WA,53,2022,743,58482.75528,1.2704599782324075,2017,1,5.0,g2017,1
West Virginia,WV,54,2010,315,19203.03357485,1.6403658243484613,2013,0,-3.0,g2013,1
West Virginia,WV,54,2011,338,18963.12603175,1.7824065474968944,2013,0,-2.0,g2013,1
West Virginia,WV,54,2012,339,19225.78561374,1.7632569446614887,2013,0,-1.0,g2013,1
West Virginia,WV,54,2013,332,19232.34743295,1.7262583319974654,2013,1,0.0,g2013,1
West Virginia,WV,54,2014,272,19117.4904703,1.4227808844605727,2013,1,1.0,g2013,1
West Virginia,WV,54,2015,268,19826.64296667,1.3517164779258248,2013,1,2.0,g2013,1
West Virginia,WV,54,2016,269,19539.442679694,1.3767025212011457,2013,1,3.0,g2013,1
West Virginia,WV,54,2017,304,19072.335445285,1.5939316968921804,2013,1,4.0,g2013,1
West Virginia,WV,54,2018,294,19447.32321075,1.511776180268779,2013,1,5.0,g2013,1
West Virginia,WV,54,2019,260,19076.55966,1.3629291897174296,2013,1,6.0,g2013,1
West Virginia,WV,54,2020,267,16054.14026,1.6631223826120975,2013,1,7.0,g2013,1
West Virginia,WV,54,2021,282,16079.27493,1.7538104250823952,2013,1,8.0,g2013,1
West Virginia,WV,54,2022,266,15312.40754,1.7371533464292839,2013,1,9.0,g2013,1
Wisconsin,WI,55,2010,572,59420.266427025,0.9626345258860166,0,0,,Never Treated,0
Wisconsin,WI,55,2011,582,58553.70387031,0.9939593254238296,0,0,,Never Treated,0
Wisconsin,WI,55,2012,615,59087.299886352,1.040832803636121,0,0,,Never Treated,0
Wisconsin,WI,55,2013,543,59486.15042389,0.9128175148848224,0,0,,Never Treated,0
Wisconsin,WI,55,2014,506,60053.380396945,0.8425837091191305,0,0,,Never Treated,0
Wisconsin,WI,55,2015,566,62073.368217535,0.9118242110150415,0,0,,Never Treated,0
Wisconsin,WI,55,2016,607,64046.406586158,0.9477502835126859,0,0,,Never Treated,0
Wisconsin,WI,55,2017,613,65323.70926874,0.9384035396369399,0,0,,Never Treated,0
Wisconsin,WI,55,2018,589,65885.43494883,0.8939760365207386,0,0,,Never Treated,0
Wisconsin,WI,55,2019,567,66347.623852405,0.8545897608350402,0,0,,Never Treated,0
Wisconsin,WI,55,2020,612,57599.94103,1.062501087772381,0,0,,Never Treated,0
Wisconsin,WI,55,2021,620,64983.27948,0.9540915831907473,0,0,,Never Treated,0
Wisconsin,WI,55,2022,604,66166.6809,0.912846151241659,0,0,,Never Treated,0
Wyoming,WY,56,2010,155,9362.789824415,1.655489473829822,0,0,,Never Treated,0
Wyoming,WY,56,2011,135,9244.90554045,1.460263703174936,0,0,,Never Treated,0
Wyoming,WY,56,2012,123,9270.993557706,1.3267186438476495,0,0,,Never Treated,0
Wyoming,WY,56,2013,87,9308.940396215,0.9345854232279116,0,0,,Never Treated,0
Wyoming,WY,56,2014,150,9457.283094695,1.586079199470528,0,0,,Never Treated,0
Wyoming,WY,56,2015,145,9597.036264744998,1.5108831101603926,0,0,,Never Treated,0
Wyoming,WY,56,2016,112,9322.542398558,1.2013890118356987,0,0,,Never Treated,0
Wyoming,WY,56,2017,123,9784.665268215,1.2570690629505683,0,0,,Never Treated,0
Wyoming,WY,56,2018,111,10438.44261328,1.063377020043043,0,0,,Never Treated,0
Wyoming,WY,56,2019,147,10207.605647695,1.4401026555448326,0,0,,Never Treated,0
Wyoming,WY,56,2020,127,9800.31981,1.2958760781501475,0,0,,Never Treated,0
Wyoming,WY,56,2021,110,11096.52014,0.9913017649873791,0,0,,Never Treated,0
Wyoming,WY,56,2022,134,9324.38531,1.437092049985223,0,0,,Never Treated,0
